,0,
0,nan,0
1,pot,1
2,saucepan,1
3,oven,1
4,baking,0
5,dish,1
6,skillet,1
7,food,0
8,processor,1
9,bowl,1
10,cup,1
11,tablespoon,1
12,sheet,0
13,pan,1
14,sugar,0
15,hot,0
16,bag,1
17,container,1
18,serving,0
19,platter,1
20,more,0
21,spatula,1
22,mortar,1
23,clock,0
24,slit,0
25,parchment,1
26,paper,1
27,plate,1
28,colander,1
29,shape,0
30,fork,1
31,knife,1
32,plastic,0
33,hour,0
34,milk,0
35,toothpick,1
36,large,0
37,work,
38,stock,
39,wok,
40,cooker,
41,bouillon,
42,square,
43,broiler,
44,microwave,
45,jar,
46,cooking,
47,pancake,
48,mixer,
49,rack,
50,spoon,
51,potato,
52,masher,
53,whisk,
54,syrup,
55,electric,
56,cake,
57,cutting,
58,board,
59,ricer,
60,sev,
61,machine,
62,inch,
63,wooden,
64,minute,
65,semolina,
66,mat,
67,tahini,
68,sausage,
69,vegetable,
70,peeler,
71,sauce,
72,aside,
73,skin,
74,cookie,
75,evenly,
76,powder,
77,berbere,
78,sieve,
79,skewer,
80,separate,
81,cupcake,
82,mold,
83,rice,
84,cornstarch,
85,pouch,
86,circular,
87,motion,
88,consistency,
89,palm,
90,cloth,
91,bit,
92,surface,
93,pin,
94,seed,
95,together,
96,wire,
97,wax,
98,pattern,
99,wokskillet,
100,portion,
101,day,
102,disk,
103,pork,
104,package,
105,basket,
106,use,
107,pressure,
108,pink,
109,stockpot,
110,fillet,
111,metal,
112,fish,
113,second,
114,circle,
115,spiralizer,
116,fine-mesh,
117,sink,
118,spray,
119,strainer,
120,piece,
121,coffee,
122,blender,
123,time,
124,soft,
125,muffin,
126,casserole,
127,running,
128,brown,
129,month,
130,thin,
131,ball,
132,forming,
133,cover,
134,disc,
135,completely,
136,deep-fryer,
137,clean,
138,cylinder,
139,patty,
140,book,
141,sandwich,
142,jellyroll-fashion,
143,set,
144,pitcher,
145,papaya,
146,color,
147,tray,
148,pancit,
149,little,
150,covered,
151,liner,
152,greased,
153,paneer,
154,pocket,
155,cutlet,
156,cumin,
157,pie,
158,block,
159,before,
160,mill,
161,kadhai,
162,toss,
163,ladle,
164,mug,
165,condiment,
166,cooling,
167,place,
168,pita,
169,paddle,
170,peak,
171,boiler,
172,cutter,
173,porcelain,
174,pumpkin,
175,wet,
176,cucumber,
177,spear,
178,towel,
179,ketchup,
180,down,
181,part,
182,your,
183,slice,
184,starch,
185,finger,
186,asparagus,
187,brush,
188,constantly,
189,pancake-batter,
190,section,
191,even,
192,partially,
193,base,
194,design,
195,bone,
196,foil,
197,),
198,pencil,
199,tin,
200,caramel,
201,chile,
202,half,
203,puree,
204,tomatillo,
205,cook,
206,pod,
207,oz,
208,mallet,
209,meal,
210,side,
211,salsa,
212,steak,
213,when,
214,done,
215,fryer,
216,press,
217,deep,
218,wrap,
219,scoop,
220,round,
221,form,
222,so,
223,cocktail,
224,shaker,
225,paring,
226,week,
227,seal,
228,dough,
229,hook,
230,crock,
231,frozen,
232,packet,
233,ramekin,
234,layer,
235,min,
236,muffin-pan,
237,medium,
238,chicken,
239,breast,
240,tortilla,
241,golden,
242,tb,
243,dry,
244,beef,
245,simmering,
246,foot,
247,kettle,
248,horseradish,
249,fork-tender,
250,while,
251,often,
252,mango,
253,pulse,
254,swordfish,
255,bottom,
256,bean,
257,saucer,
258,pecan,
259,lime,
260,millet,
261,coconut,
262,muddler,
263,mayonnaise,
264,parsley,
265,mix,
266,kefir,
267,cabbage,
268,turn,
269,pick,
270,spot,
271,bread,
272,maker,
273,fashion,
274,black,
275,fine,
276,can,
277,peek,
278,confectioner,
279,cut,
280,fat,
281,other,
282,measure,
283,springform,
284,grease,
285,krumkake,
286,iron,
287,product,
288,dowel,
289,rubber,
290,light,
291,center,
292,teaspoon,
293,cube,
294,melt,
295,sprig,
296,oval,
297,later,
298,tight,
299,filter,
300,parmesan,
301,tsps,
302,meat,
303,lemon,
304,galette,
305,given,
306,apple,
307,stirring,
308,stiff,
309,shortening,
310,because,
311,back,
312,boat,
313,envelope,
314,filet,
315,roll,
316,soup,
317,puff,
318,another,
319,cigar,
320,between,
321,point,
322,bottle,
323,crust,
324,overcook,
325,lower,
326,slow,
327,thoroughly,
328,attachment,
329,moon,
330,ice,
331,dehydrator,
332,thick,
333,log,
334,bow,
335,dessert,
336,glass,
337,soda,
338,corer,
339,corner,
340,pasta,
341,bar,
342,risen,
343,soybean,
344,vodka,
345,knot,
346,stuck,
347,semi-circle,
348,addition,
349,saucepot,
350,using,
351,gradually,
352,cluster,
353,cork,
354,cuff,
355,warm,
356,counter,
357,blade,
358,manner,
359,breadstick,
360,pastry,
361,non-skillet,
362,pancetta,
363,peel,
364,freezing,
365,through,
366,ready,
367,plank,
368,tortellini,
369,waxed,
370,batch,
371,mandolin,
372,squash,
373,content,
374,mandoline,
375,spread,
376,boil,
377,safe,
378,cheese,
379,cream,
380,setting,
381,sauerkraut,
382,finish,
383,mesh,
384,stamp,
385,roasting,
386,slow-cooker,
387,cocoa,
388,broth,
389,griddle,
390,snowflake,
391,rolling,
392,sangria,
393,paprika,
394,liquid,
395,well,
396,dishtowel,
397,cooked,
398,heavy,
399,pinch,
400,quart,
401,have,
402,been,
403,pea,
404,garnish,
405,lock,
406,raisin,
407,scraper,
408,sesame,
409,scrapple,
410,pizza,
411,sifter,
412,position,
413,box,
414,core,
415,cut-side-down,
416,marmalade,
417,roast,
418,bucket,
419,pestle,
420,double,
421,pear,
422,butter,
423,stir,
424,four,
425,burger,
426,porous,
427,canner,
428,spoonful,
429,mash,
430,get,
431,bourbon,
432,whiskey,
433,beer,
434,fan,
435,popcorn,
436,pineapple,
437,pound,
438,cruet,
439,strip,
440,full,
441,tablespoonful,
442,border,
443,barley,
444,cheesecloth,
445,corn,
446,steamer,
447,pour,
448,dripping,
449,pot.,
450,floured,
451,tostada,
452,tender,
453,direction,
454,cinnamon,
455,process,
456,kick,
457,snack,
458,reserve,
459,hand,
460,moisturiser,
461,ban,
462,dishbowl,
463,saucy,
464,flatten,
465,dissolved,
466,stips,
467,topper,
468,couscous,
469,pyrax,
470,potjie,
471,porridge,
472,barbecue,
473,right,
474,away,
475,flavour,
476,pile,
477,crystal,
478,olive,
479,ovenproof,
480,pudding,
481,frypan,
482,liqueur,
483,proc,
484,prawn,
485,way,
486,zucchini,
487,tagine,
488,purée,
489,spoonfork,
490,drink,
491,grinder,
492,dutch-oven,
493,longer,
494,mint,
495,pulsing,
496,juice,
497,pallet,
498,fry-pan,
499,chip,
500,reduction,
501,curry,
502,toothache,
503,open,
504,seasoning,
505,banana,
506,rosé,
507,sliver,
508,continue,
509,overnight,
510,cauliflower,
511,plantain,
512,pain,
513,carefully,
514,potato-masher,
515,marzipan,
516,beater,
517,sauce-pan,
518,mush,
519,stew,
520,beat,
521,parchement,
522,salad,
523,two,
524,duck,
525,zipper-lock,
526,'s,
527,bonnet,
528,market,
529,summer,
530,cupboard,
531,omelet,
532,scallion,
533,stick,
534,sauceboat,
535,bowel,
536,proof,
537,bone-in,
538,container.16,
539,year,
540,parcel,
541,zaatar,
542,mushroom,
543,moroccan,
544,crack,
545,pantry,
546,bun,
547,supermarket,
548,over,
549,cous,
550,wonion,
551,petal,
552,green,
553,shell,
554,people,
555,power,
556,salmon,
557,panskillet,
558,saffron,
559,pandish,
560,crockpot,
561,combine,
562,tbsp,
563,bamboo,
564,m'semmen,
565,bowlplatter,
566,sachet,
567,sgar,
568,lightly,
569,add,
570,cooler,
571,taste,
572,saucpan,
573,cold,
574,flat,
575,slowly,
576,processer,
577,vegetarian,
578,help,
579,bran,
580,clove,
581,charcoal,
582,first,
583,serving-dish,
584,panpot,
585,again,
586,shop,
587,appear,
588,bowle,
589,nonstick,
590,saucepaon,
591,kitchen,
592,coal,
593,freezer,
594,spinner,
595,continuously,
596,skilletwok,
597,cabinet,
598,dice,
599,lb,
600,ziplock,
601,last,
602,anglican,
603,suggestion,
604,sticker,
605,potstickers,
606,wrapper,
607,suacepan,
608,dill,
609,bowlssaucers,
610,boost,
611,tblsp,
612,owl,
613,wonton,
614,egg,
615,”,
616,colour,
617,shred,
618,flavor,
619,flask,
620,cassrole,
621,basin,
622,fire,
623,bok,
624,wisk,
625,panwok,
626,big,
627,qts,
628,blend,
629,vanilla,
630,now,
631,rectangular,
632,yeast,
633,middle,
634,quick,
635,version,
636,oc=linkback,
637,sweeter,
638,sacuepan,
639,main,
640,tsp.sugar,
641,marinade,
642,substitute,
643,saucapan,
644,panko,
645,cookbook,
646,workbowl,
647,socket,
648,succession,
649,mixing,
650,manual,
651,star,
652,life,
653,pleat,
654,mirin,
655,vinegar,
656,sparerib,
657,patient,
658,leaf,
659,ziploc,
660,sprout,
661,wokfrypan,
662,procesor,
663,kadai,
664,woksaucepan,
665,cereal,
666,store,
667,body,
668,bakingparchment,
669,cone,
670,saucecpan,
671,sprinkle,
672,cool,
673,bellpeppers,
674,350°f,
675,plan,
676,panscups,
677,baggie,
678,dishpitcher,
679,pancakeswraps,
680,non-stick,
681,coin,
682,'',
683,luck,
684,skilet,
685,easily,
686,saucemarinade,
687,amber,
688,potluck,
689,finer,
690,boneless,
691,pair,
692,left,
693,saucepain,
694,hammermallet,
695,woman,
696,bent,
697,added,
698,pack,
699,bown,
700,budget,
701,slightly,
702,off,
703,spicier,
704,mandarin,
705,splash,
706,paste,
707,spring,
708,breeze,
709,liquidizer,
710,sorbet,
711,pappadums,
712,mincer,
713,pearl,
714,sheen,
715,carrot,
716,for,
717,break,
718,grill-pan,
719,taco,
720,seafood,
721,banquet,
722,pandan,
723,rod,
724,pansy,
725,lot,
726,rag,
727,bowl-,
728,mcrowave,
729,poppadums,
730,matchstick,
731,pipe,
732,frying-pan,
733,bamboowooden,
734,serrano,
735,not,
736,cleaver,
737,chopperblender,
738,funnel,
739,vegan,
740,handle,
741,cooky,
742,goblet,
743,this,
744,polow,
745,patchwork,
746,naan,
747,translucent,
748,inside,
749,pistachio,
750,bowlsglasses,
751,oven-safe,
752,smallbowl,
753,bath,
754,egg-masher,
755,oven-proof,
756,bawl,
757,sumak,
758,saucepanpot,
759,processing,
760,loomi,
761,sumac,
762,each,
763,saute,
764,kebab,
765,min.,
766,fry,
767,ribbon,
768,spachula,
769,bowlplate,
770,garlic,
771,forgot,
772,bowls…,
773,bowl-set,
774,yolk,
775,laban,
776,immediately,
777,kafta,
778,fourth,
779,fritter,
780,processorblender,
781,tbl,
782,appetizer,
783,bulgar,
784,boiling,
785,loosen,
786,kataifi,
787,balloon,
788,around,
789,sensation,
790,cups*,
791,screen,
792,plater,
793,processormixer,
794,mm,
795,loc,
796,figure,
797,sock,
798,proportion,
799,overcok,
800,salty,
801,stove,
802,pappadams,
803,dinner,
804,cuppa,
805,pista,
806,parathas,
807,potpressure,
808,sautee,
809,plain,
810,pansaucepan,
811,paratha,
812,vessel,
813,masala,
814,sambar,
815,panner,
816,mass,
817,tinpan,
818,coffeespice,
819,scooper,
820,frequently,
821,panir,
822,super,
823,moldscups,
824,phoran,
825,tbsps,
826,bullet,
827,yet,
828,seive,
829,napkin,
830,platebowlziplock,
831,yogurt,
832,mixerblender,
833,coriander,
834,mixergrinderblender,
835,processorgrinder,
836,kabab,
837,mutton,
838,steaming,
839,raita,
840,potskillet,
841,contrast,
842,dishtin,
843,cider,
844,},
845,spinach,
846,shallot,
847,sandesh,
848,chopper,
849,food-proc,
850,liquidiser,
851,hr,
852,bought,
853,creamy,
854,party,
855,folding,
856,mixie,
857,jeera,
858,beet,
859,toaster,
860,kadahi,
861,frok,
862,yoghurt,
863,parantha,
864,breakfast,
865,wokpan,
866,pc,
867,movement,
868,skilletpot,
869,panch,
870,too,
871,mustard,
872,push,
873,puris,
874,very,
875,soufflé,
876,panplate,
877,honey,
878,brinjal-eggplant,
879,bowl.now,
880,stone,
881,poppadoms,
882,blendermixie,
883,chutney,
884,makahni,
885,mixergrinder,
886,grindermixer,
887,stainer,
888,squarerectangular,
889,mini-chopper,
890,ltrs,
891,grillbroiler,
892,them,
893,papadums,
894,fruit,
895,juicer,
896,papads,
897,towl,
898,containerpitcher,
899,climate,
900,preferably,
901,paranthas,
902,icing,
903,food-safe,
904,kheer,
905,besan,
906,saucepotsaucepan,
907,foreman,
908,marinator,
909,zester,
910,bowl.pour,
911,gal,
912,create,
913,bowl.â€¨,
914,refrigerator,
915,folk,
916,girdle,
917,medium-mesh,
918,platesbowls,
919,extract,
920,processorjuicer,
921,transfer,
922,overwork,
923,one,
924,pryrex,
925,pasty,
926,pulp,
927,evoo,
928,sushi,
929,tbls,
930,contaiiner,
931,hand-mixer,
932,piiman,
933,temperature,
934,paper-thin,
935,whole,
936,proessor,
937,omelette,
938,koshian,
939,roaster,
940,become,
941,sissor,
942,containerjar,
943,tack,
944,bowlsplates,
945,pan-fry,
946,boul,
947,scissors,
948,potbowl,
949,corrosive,
950,batter,
951,scallop,
952,continuing,
953,spaghetti,
954,think,
955,suribachi,
956,serve,
957,zip-lock,
958,japan,
959,pro,
960,lamb,
961,keema,
962,kadhaiwok,
963,shrimp,
964,cusa,
965,bain-marie,
966,pavlova,
967,avocado,
968,jug,
969,colonder,
970,sacepan,
971,spreadable,
972,25mins,
973,bet,
974,frypanskillet,
975,sheettray,
976,sherry,
977,loin,
978,polenta,
979,stack,
980,pattycupcake,
981,pann,
982,bowlcontainer,
983,decoration,
984,substitution,
985,sago,
986,biscuit,
987,filling,
988,case,
989,processor-process,
990,saint,
991,sure,
992,dishesramekins,
993,firmness,
994,slide,
995,constant,
996,skrink,
997,double-boiler,
998,hock,
999,bowlcolander,
1000,rabbit,
1001,than,
1002,6oz,
1003,mould,
1004,page,
1005,wish,
1006,port,
1007,sauceppan,
1008,passionfruit,
1009,sorrel,
1010,palte,
1011,silverbeet,
1012,potsaucepan,
1013,equal,
1014,single,
1015,gratin,
1016,popper,
1017,beating,
1018,action,
1019,chocolate,
1020,frosting,
1021,spatular,
1022,snaplock,
1023,cookercrock,
1024,macaroon,
1025,brea,
1026,saucepam,
1027,loaf,
1028,cast-iron,
1029,similar,
1030,remove,
1031,boomrang,
1032,bours,
1033,mesclun,
1034,pesto,
1035,bowldish,
1036,should,
1037,soy,
1038,mousse,
1039,oven-bag,
1040,mouli,
1041,coated,
1042,pen,
1043,sultana,
1044,cupful,
1045,molcajete,
1046,browl,
1047,cups.wash,
1048,cornhusk,
1049,tip,
1050,flower,
1051,either,
1052,corkscrew,
1053,tomato,
1054,quesadilla,
1055,comalpan,
1056,concassé,
1057,bowl-let,
1058,stand,
1059,bacon,
1060,seitan,
1061,simmer,
1062,nectar,
1063,make,
1064,know,
1065,shaken,
1066,pancane,
1067,dishpyrex,
1068,sugaring,
1069,boy,
1070,ovenight,
1071,pkg,
1072,sillet,
1073,jalapeno,
1074,flan,
1075,contaciner,
1076,posole,
1077,blacken,
1078,sauté,
1079,molinillo,
1080,safety,
1081,schooner,
1082,braun,
1083,toweling,
1084,guacamole,
1085,ski8llet,
1086,shuck,
1087,sheetdish,
1088,chafing,
1089,sautéing,
1090,mexican,
1091,skilletsaucepan,
1092,sun,
1093,dark,
1094,rioja,
1095,pureé,
1096,sear,
1097,sautépan,
1098,',
1099,soak,
1100,pan.,
1101,forkknife,
1102,pant,
1103,semi-thick,
1104,ramikin,
1105,per,
1106,dozen,
1107,paper-towel-lined-plate,
1108,cinnamon-sugar,
1109,mask,
1110,sheets.bake,
1111,pan-single,
1112,peppa,
1113,tablespoons-salt,
1114,bake,
1115,basis,
1116,pyrex,
1117,proccess,
1118,packet**,
1119,top,
1120,mozzarella,
1121,cornmeal,
1122,hominy,
1123,tequila,
1124,clear,
1125,condition,
1126,radish,
1127,suzan,
1128,skilllet,
1129,husk,
1130,saucesalsa,
1131,dumpling,
1132,seen,
1133,pupusa,
1134,poblanos,
1135,pit,
1136,bowl.also,
1137,comal,
1138,:,
1139,burrito,
1140,cm,
1141,pam,
1142,qt,
1143,gallon,
1144,pan.cook,
1145,350°oven,
1146,prepare,
1147,crosswise,
1148,along,
1149,mole,
1150,past,
1151,sack,
1152,bowlswraps,
1153,crock-pot,
1154,celery,
1155,group,
1156,cilantro,
1157,without,
1158,pinwheel,
1159,jalepeno,
1160,seam,
1161,pepitas,
1162,option,
1163,bwl,
1164,suet,
1165,asian,
1166,overcoook,
1167,plum,
1168,baggy,
1169,forman,
1170,better,
1171,crispy-golden,
1172,kahlua,
1173,slot,
1174,ceramic,
1175,pate,
1176,concern,
1177,pieplate,
1178,plateplatter,
1179,main-dish,
1180,refrigerate,
1181,punchbowl,
1182,saucepn,
1183,solution,
1184,monocle,
1185,bowl.mix,
1186,dissolve,
1187,sipper,
1188,formation,
1189,breadcrumb,
1190,method,
1191,available,
1192,kuchilla,
1193,baller,
1194,combination,
1195,bowll,
1196,whisking,
1197,cane,
1198,panini,
1199,pilons,
1200,damp,
1201,cuban,
1202,picadillo,
1203,ovenprook,
1204,neck,
1205,possibility,
1206,patter,
1207,*check,
1208,periodically,
1209,sheer,
1210,doe,
1211,pucker,
1212,peperoncino,
1213,line,
1214,smoker,
1215,bowl-like,
1216,moldpan,
1217,sauce***,
1218,wire-whisk,
1219,pastie,
1220,rock,
1221,blass,
1222,panca,
1223,pancake-like,
1224,outside,
1225,vascular,
1226,saucier,
1227,bayleaf,
1228,food-storage,
1229,sqare,
1230,dissipates,
1231,much,
1232,marinade-,
1233,burner,
1234,shear,
1235,moisture,
1236,pepper,
1237,jack,
1238,opinion,
1239,heating,
1240,drain,
1241,kinda,
1242,guinness,
1243,slowcooker,
1244,brisket,
1245,size,
1246,micro-cook,
1247,dip,
1248,assemble,
1249,sauce.2,
1250,roasted,
1251,tureen,
1252,good,
1253,v-rack,
1254,cont,
1255,pastrami,
1256,macaroni,
1257,storage,
1258,possible,
1259,bigoven,
1260,contact,
1261,particular,
1262,sheet-repeat,
1263,sheetpan,
1264,madeira,
1265,hrs.,
1266,parsnip,
1267,bouquet,
1268,brick,
1269,leek,
1270,tube,
1271,jam,
1272,shashlyk,
1273,coating,
1274,margarine,
1275,type,
1276,manufacturer,
1277,saurkraut,
1278,row,
1279,marker,
1280,fitting,
1281,pkgs,
1282,consomme,
1283,prong,
1284,stream,
1285,berry,
1286,grill,
1287,boilet,
1288,biscuitcookie,
1289,trayrack,
1290,plus,
1291,shortbread,
1292,bowl-3,
1293,skillet-shaking,
1294,prosciutto,
1295,cask,
1296,makermachine,
1297,plait,
1298,conatiner,
1299,rolling-pin,
1300,fingertip,
1301,paintbrush,
1302,bowlboat,
1303,popover,
1304,presentation,
1305,paler,
1306,fowl,
1307,over-cook,
1308,cross,
1309,skilletpan,
1310,backing,
1311,drumstick,
1312,wedge,
1313,task,
1314,pie-dish,
1315,mound,
1316,park,
1317,water.whisk,
1318,both,
1319,supper,
1320,pint,
1321,paté,
1322,conversation,
1323,parfait,
1324,cornflour,
1325,purple,
1326,pad,
1327,toffee,
1328,jugbowl,
1329,level,
1330,clump,
1331,squeezer,
1332,skill,
1333,buffet,
1334,baking-sheet,
1335,sauce-pot,
1336,raffia,
1337,cakepan,
1338,mark,
1339,percolator,
1340,step,
1341,etc,
1342,cupsramekins,
1343,paraffin,
1344,poolish,
1345,example,
1346,picnic,
1347,traypan,
1348,let,
1349,sweetcorn,
1350,pantray,
1351,substance,
1352,blanket,
1353,capful,
1354,spice,
1355,onto,
1356,palacsinta,
1357,bouillion,
1358,beep,
1359,edge,
1360,baking-plate,
1361,briefly,
1362,moist,
1363,few,
1364,sweden,
1365,plier,
1366,pattie,
1367,larder,
1368,piepan,
1369,long,
1370,bakingcookie,
1371,foodproccesor,
1372,pay,
1373,canister,
1374,flour,
1375,pancasserole,
1376,close-mesh,
1377,snake,
1378,skimmer,
1379,excess,
1380,processwhisk,
1381,whisker,
1382,sick,
1383,chopstick,
1384,recipe,
1385,scraping,
1386,’,
1387,cheet,
1388,membrane,
1389,passata,
1390,dishpan,
1391,dressing,
1392,filler,
1393,begin,
1394,saucepanwok,
1395,out,
1396,cracker,
1397,bowl.stir,
1398,spanakopita,
1399,sudden,
1400,meanwhile,
1401,bowl*,
1402,blintz,
1403,caper,
1404,bakingpan,
1405,wheat,
1406,pilaf,
1407,bowlcup,
1408,farina,
1409,precessor,
1410,processerbullet,
1411,mini-processor,
1412,secret,
1413,pattypan,
1414,skip,
1415,bowl.while,
1416,mixing-bowl,
1417,sabayon,
1418,sauccepan,
1419,ovenpot,
1420,sleet,
1421,palette,
1422,saucaepan,
1423,dishesrammekins,
1424,pancookie,
1425,miture,
1426,sweet,
1427,baster,
1428,13-in,
1429,forkdipper,
1430,pâté,
1431,spat,
1432,proof-baking,
1433,moment,
1434,preparation,
1435,preheats,
1436,small,
1437,cassoulet,
1438,sauscepan,
1439,madeleine,
1440,cotton,
1441,instruction,
1442,saran,
1443,bowlsgoblets,
1444,spatuala,
1445,collar,
1446,crouton,
1447,containe,
1448,apricot,
1449,flap,
1450,you,
1451,platterbowl,
1452,bowlgoblet,
1453,suigar,
1454,powl,
1455,bowlb,
1456,potholder,
1457,mitt,
1458,blob,
1459,italian,
1460,zest,
1461,fold,
1462,will,
1463,forkfork,
1464,style,
1465,pail,
1466,bowlscrocks,
1467,bowlcrock,
1468,ricotta,
1469,moister,
1470,bring,
1471,wine,
1472,bouqet,
1473,saucegravy,
1474,bolognese,
1475,oven-dish,
1476,bowlmixer,
1477,machinemixer,
1478,plummet,
1479,hardens,
1480,bowls*,
1481,panade,
1482,#NAME?,
1483,bowo,
1484,potpan,
1485,pretzel,
1486,knife-tip,
1487,coarse-mesh,
1488,minutes-ish,
1489,chiffonade,
1490,shee,
1491,processore,
1492,marie,
1493,panic,
1494,splenda,
1495,linguica,
1496,papper,
1497,potcasserole,
1498,baste,
1499,sppon,
1500,cure,
1501,procedure,
1502,drizzle,
1503,bakinggratin,
1504,frier,
1505,forkful,
1506,sub,
1507,focaccia,
1508,risotto,
1509,shallow,
1510,variation,
1511,turner,
1512,mode,
1513,pansdishes,
1514,measurer,
1515,silpat,
1516,application,
1517,bowlbeater,
1518,l2-in,
1519,pastepulp,
1520,mascarpone,
1521,topping,
1522,speed,
1523,knige,
1524,seet,
1525,ahead,
1526,mountain,
1527,sixth,
1528,meet,
1529,needed,
1530,picture,
1531,sample,
1532,ware,
1533,chewy,
1534,proccessor,
1535,containershaker,
1536,melonballer,
1537,aspargus,
1538,cognac,
1539,bowlpan,
1540,crawfish,
1541,ove,
1542,marinara,
1543,potatoe,
1544,saltiness,
1545,parmesean,
1546,knead,
1547,moisten,
1548,bow-tie,
1549,crispy,
1550,shredderpeeler,
1551,panbowl,
1552,sauvignon,
1553,skillet.cook,
1554,panettone,
1555,processsor,
1556,porcessor,
1557,polish,
1558,pans.*,
1559,colandar,
1560,sheetstone,
1561,stand-mixer,
1562,sammich,
1563,proccesor,
1564,pankettle,
1565,brain,
1566,bolagnaise,
1567,biga,
1568,drainer,
1569,white,
1570,drying,
1571,mushroms,
1572,specification,
1573,baguette,
1574,sauce-,
1575,bisquick,
1576,s,
1577,dehydrating,
1578,spatulat,
1579,raviloli,
1580,stratum,
1581,chute,
1582,asparagas,
1583,noodle,
1584,fragrant,
1585,parmasan,
1586,man,
1587,valpolicella,
1588,muslin,
1589,total,
1590,grillskillet,
1591,--,
1592,pancettaguanciale,
1593,blending,
1594,pot.cook,
1595,parmsean,
1596,sausepan,
1597,heaven,
1598,boil.**,
1599,peelpan,
1600,pan.drain,
1601,linguini,
1602,pan.whisk,
1603,cooled,
1604,sautepan,
1605,extra,
1606,mallot,
1607,lump,
1608,baseball,
1609,sak,
1610,larger,
1611,calzone,
1612,knife-blade,
1613,merlot,
1614,flowerpot,
1615,boilingwater,
1616,parmesian,
1617,pitter,
1618,spitini,
1619,sage,
1620,below,
1621,sammie,
1622,fryingpan,
1623,spirit,
1624,pierogi,
1625,ajar,
1626,wheel,
1627,electric-mixer,
1628,ml,
1629,flipper,
1630,platterplate,
1631,sambal,
1632,continually,
1633,poffertjespan,
1634,fermentation,
1635,preserve,
1636,cellar,
1637,chop,
1638,overflow,
1639,label,
1640,grain,
1641,location,
1642,broad,
1643,20-30mins,
1644,criss-cross,
1645,coarse,
1646,bunch,
1647,raw-sugar,
1648,shamrock,
1649,weak,
1650,stalk,
1651,kirsch,
1652,c,
1653,],
1654,monster,
1655,skillent,
1656,link,
1657,prcessor,
1658,stollen,
1659,saucdepan,
1660,then,
1661,cobbler,
1662,pliable,
1663,applesauce,
1664,sooner,
1665,pistel,
1666,buttermilk,
1667,slicer,
1668,precaution,
1669,length,
1670,crumb,
1671,boullions,
1672,rake,
1673,ratio,
1674,track,
1675,boden,
1676,several,
1677,pannekoeken,
1678,boquet,
1679,glaze,
1680,curl,
1681,wave,
1682,parer,
1683,bonbon,
1684,powdered-sugar,
1685,rackpan,
1686,sleeve,
1687,swag,
1688,baking-dish,
1689,soucepan,
1690,mayo,
1691,bread-tin,
1692,mini-omelet,
1693,batch*,
1694,paella,
1695,crockettecrockpot,
1696,bandage,
1697,provessor,
1698,morter,
1699,forefinger,
1700,chive,
1701,plancha,
1702,food-processor,
1703,bank,
1704,paladar,
1705,panadero,
1706,clen,
1707,shillet,
1708,contaners,
1709,yolks-sugar-salt-milk-vanilla,
1710,pan-,
1711,scale,
1712,umbrella,
1713,chunk,
1714,microproof,
1715,knifepoint,
1716,caucepan,
1717,punch,
1718,oatmeal,
1719,15-in,
1720,skilletfryer,
1721,bonus,
1722,overwhisk,
1723,airtight,
1724,ginger,
1725,pellet,
1726,kernel,
1727,segment,
1728,straw,
1729,inchpan,
1730,unit,
1731,paper-,
1732,please,
1733,swirl,
1734,cookling,
1735,flake,
1736,sufficient,
1737,head,
1738,cake-pan,
1739,pudding-dish,
1740,ssaucepan,
1741,panpans,
1742,pectin,
1743,papaer,
1744,banana-pecan,
1745,stoneware,
1746,utensil,
1747,mini-chop,
1748,spagetti,
1749,panini-press,
1750,crab,
1751,magician,
1752,bbq,
1753,prosessor,
1754,broilerproof,
1755,garden,
1756,foodprocessor,
